[
    {
        "name" : "Armchair",
        "category" : "Chair",
        "price" : "50.25",
        "imgSrc" : "images/armchair.png"
    },
    {
        "name" : "Bed",
        "category" : "Bed",
        "price" : "102.00",
        "imgSrc" : "images/bed.png"
    },
    {
        "name" : "Bench",
        "category" : "Bench",
        "price" : "15.00",
        "imgSrc" : "images/bench.png"
    },
    {
        "name" : "Bunk bed",
        "category" : "Bed",
        "price" : "23.75",
        "imgSrc" : "images/bunk-bed.png"
    },
    {
        "name" : "Cabinet",
        "category" : "Cabinet",
        "price" : "50.00",
        "imgSrc" : "images/cabinet.png"
    },
    {
        "name" : "Card table",
        "category" : "Table",
        "price" : "200.50",
        "imgSrc" : "images/card-table.png"
    },
    {
        "name" : "Cushion",
        "category" : "Cushion",
        "price" : "5.50",
        "imgSrc" : "images/cushion.png"
    },
    {
        "name" : "Desk",
        "category" : "Desk",
        "price" : "25.00",
        "imgSrc" : "images/desk.png"
    },
    {
        "name" : "Drawer",
        "category" : "Drawer",
        "price" : "49.00",
        "imgSrc" : "images/drawer.png"
    },
    {
        "name" : "Office chair",
        "category" : "Chair",
        "price" : "60.99",
        "imgSrc" : "images/office-chair.png"
    },
    {
        "name" : "Scissors chair",
        "category" : "Chair",
        "price" : "69.20",
        "imgSrc" : "images/scissors-chair.png"
    },
    {
        "name" : "Sleeper sofa",
        "category" : "Sofa",
        "price" : "224.99",
        "imgSrc" : "images/sleeper-sofa.png"
    },
    {
        "name" : "Sleigh bed",
        "category" : "Bed",
        "price" : "90.25",
        "imgSrc" : "images/sleigh-bed.png"
    },
    {
        "name" : "Sofa bed",
        "category" : "Bed",
        "price" : "99.99",
        "imgSrc" : "images/sofa-bed.png"
    },
    {
        "name" : "White armchair",
        "category" : "Chair",
        "price" : "75.80",
        "imgSrc" : "images/white-armchair.png"
    },
    {
        "name" : "White sofa",
        "category" : "Sofa",
        "price" : "159.00",
        "imgSrc" : "images/white-sofa.png"
    },
    {
        "name" : "Wing chair",
        "category" : "Chair",
        "price" : "100.50",
        "imgSrc" : "images/wing-chair.png"
    },
    {
        "name" : "Wooden armchair",
        "category" : "Chair",
        "price" : "187.45",
        "imgSrc" : "images/wooden-armchair.png"
    },
    {
        "name" : "Wooden dining table",
        "category" : "Table",
        "price" : "322.50",
        "imgSrc" : "images/wooden-dining-table.png"
    },
    {
        "name" : "Wooden table",
        "category" : "Table",
        "price" : "288.99",
        "imgSrc" : "images/wooden-table.png"
    }
]